queryID,docIDs
303,APW19980609.1531 APW19980715.1061 APW19981008.1253 APW19990106.0156 APW19990108.0103 APW19990108.0283 APW19990209.0343 APW19990209.0357 APW19990209.0359 APW19990210.0167 APW19990210.0168 APW19990210.0356 APW19990210.0359 APW19990224.0040 APW19990224.0042 APW19990414.0120 APW19990414.0141 APW19990414.0198 APW19990516.0013 APW19990516.0127 APW19990519.0068 APW19990519.0070 APW19990519.0141 NYT19980611.0392 NYT19981007.0265 NYT19981008.0282 NYT19981008.0324 NYT19981008.0331 NYT19981008.0371 NYT19981019.0198 NYT19981123.0242 NYT19981123.0382 NYT19990106.0221 NYT19990107.0373 NYT19990108.0368 NYT19990211.0114 NYT19990310.0333 NYT19990329.0296 NYT19990419.0260 NYT19990520.0073 NYT19990526.0034 NYT19990601.0311 NYT19991215.0229 NYT20000106.0089 NYT20000605.0264 XIE19971008.0082 XIE19971022.0099 XIE19981010.0047 XIE19990109.0245 XIE19990416.0045
307,APW19980915.0811 APW19981116.1364 APW20000812.0037 NYT19980603.0152 NYT19980603.0153 NYT19980603.0157 NYT19980603.0158 NYT19980604.0069 NYT19980604.0070 NYT19980604.0073 NYT19980604.0074 XIE19960306.0247 XIE19960422.0139 XIE19960616.0076 XIE19960623.0122 XIE19960702.0101 XIE19960722.0003 XIE19960904.0206 XIE19960909.0080 XIE19960930.0037 XIE19961217.0184 XIE19961226.0101 XIE19970102.0072 XIE19970112.0039 XIE19970130.0249 XIE19970203.0033 XIE19970329.0152 XIE19970513.0237 XIE19970515.0211 XIE19970619.0251 XIE19970811.0146 XIE19970817.0064 XIE19970819.0246 XIE19970822.0251 XIE19970908.0095 XIE19970911.0159 XIE19970912.0014 XIE19971104.0258 XIE19971106.0209 XIE19971106.0212 XIE19971106.0232 XIE19971106.0234 XIE19971107.0117 XIE19971107.0246 XIE19971112.0090 XIE19971120.0235 XIE19971121.0198 XIE19980617.0181 XIE19990916.0265 XIE20000111.0283 XIE20000409.0027 XIE20000827.0172 XIE20000827.0270 XIE20000904.0217
310,APW19990615.0145 APW19990615.0273 APW19990723.0136 APW19990724.0024 APW20000608.0153 XIE19990508.0243 XIE19990525.0216 XIE20000425.0267 XIE20000513.0210
314,APW19980617.1076 APW19990505.0156 APW19990902.0249 APW19990902.0252 APW20000305.0068 NYT19990330.0106 NYT19991118.0335
322,APW19980616.0385 APW19980617.0792 APW19980619.0435 APW19980619.0602 APW19980909.0465 APW19980925.0159 APW19981126.1188 APW19981127.0779 APW19981127.0785 APW19990712.0025 APW19990712.0229 APW19990813.0185 APW20000411.0080 APW20000522.0198 APW20000902.0086 APW20000929.0157 APW20000930.0056 NYT19980625.0590 NYT19980706.0306 NYT19980708.0338 NYT19980908.0191 NYT19980923.0336 NYT19981005.0300 NYT19990518.0383 NYT19990527.0013 NYT19990527.0260 NYT19990714.0401 NYT19990714.0409 NYT19990820.0378 NYT19990829.0075 NYT19990922.0228 NYT19991109.0453 NYT19991109.0454 NYT20000317.0252
325,XIE20000509.0273 XIE20000515.0181 XIE20000707.0164 XIE20000727.0346 XIE20000728.0111
330,XIE19980701.0044
336,APW19990809.0179 APW19990809.0282 APW19991011.0170 NYT19990704.0007 NYT19990819.0199 NYT20000602.0371 NYT20000628.0170 NYT20000906.0421 XIE19970816.0131
341,APW19990811.0369 NYT19980616.0123 NYT19990113.0253 NYT19991105.0012
344,APW19980615.1164 APW20000915.0074 NYT19980819.0230 NYT19980821.0517 NYT19981023.0168 NYT19990531.0121 NYT19990602.0281 NYT20000218.0306 NYT20000221.0264 NYT20000616.0355 NYT20000824.0030
347,APW19980601.0405 APW19980603.0801 APW19980604.1129 APW19980608.0061 APW19980608.1442 APW19980609.0663 APW19980609.0713 APW19980610.0611 APW19980610.0909 APW19980611.0982 APW19980611.1295 APW19980612.0628 APW19980612.1024 APW19980819.0226 APW19980910.0150 APW19981122.1045 APW19981209.1755 APW19981214.0968 APW19981216.0340 APW19990729.0236 APW19990730.0127 APW20000411.0224 APW20000420.0125 NYT19980810.0246 NYT19990118.0221 NYT19990719.0349 NYT19991013.0096 NYT19991013.0099 NYT19991014.0096 NYT19991014.0099 NYT20000210.0270 NYT20000210.0271 NYT20000210.0272 NYT20000313.0258 NYT20000411.0229 NYT20000517.0341 XIE19960103.0131 XIE19960105.0044 XIE19960115.0239 XIE19960118.0177 XIE19960305.0247 XIE19960321.0075 XIE19960411.0208 XIE19960411.0251 XIE19960424.0099 XIE19960608.0168 XIE19960622.0125 XIE19960627.0017 XIE19960725.0131 XIE19960807.0061 XIE19960817.0128 XIE19960818.0074 XIE19960820.0167 XIE19960913.0185 XIE19960919.0302 XIE19961004.0023 XIE19961206.0228 XIE19961206.0243 XIE19970106.0096 XIE19970125.0180 XIE19970128.0178 XIE19970211.0186 XIE19970306.0151 XIE19970319.0197 XIE19970408.0285 XIE19970512.0217 XIE19970514.0221 XIE19970609.0009 XIE19970617.0276 XIE19970627.0130 XIE19970705.0019 XIE19971011.0245 XIE19971020.0082 XIE19971030.0121 XIE19971107.0044 XIE19971202.0315 XIE19971212.0238 XIE19971225.0046 XIE19980523.0070 XIE19980604.0278 XIE19980605.0222 XIE19980608.0083 XIE19980616.0241 XIE19980701.0253 XIE19980704.0122 XIE19980820.0004 XIE19981105.0262 XIE19981207.0051 XIE19981218.0059 XIE19981231.0006 XIE19981231.0166 XIE19990105.0289 XIE19990118.0029 XIE19990204.0173 XIE19990211.0261 XIE19990318.0331 XIE19990411.0088 XIE19990417.0109 XIE19990422.0339 XIE19990503.0168 XIE19990520.0256 XIE19990526.0198 XIE19990601.0045 XIE19990609.0202 XIE19990610.0257 XIE19990615.0234 XIE19990617.0054 XIE19990707.0235 XIE19990716.0171 XIE19990730.0205 XIE19990812.0226 XIE19990821.0044 XIE19990920.0246 XIE19990929.0194 XIE19991013.0026 XIE19991015.0066 XIE19991015.0102 XIE19991015.0107 XIE19991015.0137 XIE19991015.0190 XIE19991016.0220 XIE19991111.0293 XIE19991125.0260 XIE19991204.0032 XIE19991216.0179 XIE19991222.0289 XIE20000125.0249 XIE20000221.0162 XIE20000229.0230 XIE20000308.0254 XIE20000329.0205 XIE20000410.0009 XIE20000412.0047 XIE20000415.0116 XIE20000416.0044 XIE20000420.0040 XIE20000512.0014 XIE20000529.0106 XIE20000531.0205 XIE20000605.0115 XIE20000615.0161 XIE20000801.0107 XIE20000925.0124
353,XIE19970211.0080
354,APW19980606.0153 APW19980606.0157 APW19980606.0324 APW19980606.0343 APW19980607.0193 APW19980607.0236 APW19980607.0300 APW19980611.0578 APW19980611.1183 APW19980612.0844 APW19980614.0266 APW19980615.0339 APW19980615.1025 APW19980616.0337 APW19980616.1312 APW19980617.0781 APW19980618.0945 APW19980624.0544 APW19980624.0688 APW19980629.0527 APW19980704.0284 APW19980714.0569 APW19980716.0431 APW19980717.0176 APW19980717.0840 APW19980721.0098 APW19980724.0540 APW19980728.0209 APW19980728.0514 APW19980729.0417 APW19980810.1117 APW19980816.0163 APW19980820.0479 APW19980827.0237 APW19980827.0305 APW19980827.0622 APW19980827.1082 APW19980828.1026 APW19980829.0429 APW19980909.0572 APW19980915.0113 APW19980915.0223 APW19980921.0309 APW19981026.0965 APW19981027.1460 APW19981103.0717 APW19981111.1467 APW19981118.0397 APW19981118.0940 APW19981121.0666 APW19981121.0672 APW19981208.0482 APW19981211.0428 APW19981218.0618 APW19981218.1035 APW19981218.1041 APW19981219.0367 APW19981220.0360 APW19981222.0622 APW19981222.0879 APW19981222.0906 APW19981223.0471 APW19981223.0658 APW19981223.0786 APW19981224.0329 APW19981231.0213 APW19981231.0486 APW19990125.0048 APW19990125.0312 APW19990318.0098 APW19990322.0207 APW19990325.0186 APW19990503.0186 APW19990505.0108 APW19990505.0133 APW19990729.0352 APW19990922.0002 APW19990922.0003 APW19990922.0237 APW19990922.0238 APW20000106.0296 APW20000107.0031 APW20000203.0056 APW20000204.0262 APW20000205.0166 APW20000215.0058 APW20000215.0224 APW20000216.0059 APW20000216.0155 APW20000216.0217 APW20000313.0241 APW20000314.0164 APW20000314.0228 APW20000322.0061 APW20000325.0038 APW20000403.0140 APW20000417.0232 APW20000423.0053 APW20000424.0005 APW20000428.0147 APW20000429.0103 APW20000503.0179 APW20000514.0009 APW20000525.0046 APW20000525.0047 APW20000525.0139 APW20000526.0091 APW20000526.0143 APW20000527.0003 APW20000527.0014 APW20000527.0021 APW20000527.0052 APW20000527.0076 APW20000527.0142 APW20000528.0033 APW20000528.0053 APW20000529.0015 APW20000529.0047 APW20000603.0039 APW20000603.0079 APW20000612.0075 APW20000614.0216 APW20000705.0090 APW20000711.0071 APW20000717.0103 APW20000802.0115 APW20000817.0053 APW20000817.0087 APW20000819.0072 APW20000827.0043 APW20000828.0010 APW20000909.0039 APW20000909.0093 APW20000910.0077 APW20000916.0061 APW20000917.0043 APW20000917.0049 APW20000917.0071 APW20000920.0031 APW20000920.0127 APW20000920.0159 APW20000920.0177 APW20000922.0019 NYT19980611.0120 NYT19980611.0318 NYT19980612.0095 NYT19980616.0101 NYT19980715.0553 NYT19980721.0148 NYT19980721.0149 NYT19980722.0149 NYT19980722.0150 NYT19980723.0141 NYT19980723.0142 NYT19981022.0280 NYT19981112.0413 NYT19981127.0212 NYT19981129.0027 NYT19981129.0091 NYT19981208.0294 NYT19981217.0261 NYT19990117.0124 NYT19990122.0480 NYT19990125.0237 NYT19990203.0093 NYT19990203.0094 NYT19990208.0388 NYT19990322.0417 NYT19990327.0074 NYT19990328.0102 NYT19990328.0140 NYT19990402.0228 NYT19990416.0147 NYT19990416.0148 NYT19990416.0149 NYT19990504.0185 NYT19990504.0186 NYT19990505.0116 NYT19990505.0117 NYT19990602.0356 NYT19990614.0412 NYT19990704.0102 NYT19990716.0141 NYT19990723.0182 NYT19990922.0006 NYT19991014.0305 NYT19991020.0389 NYT19991103.0344 NYT20000203.0258 NYT20000209.0208 NYT20000215.0414 NYT20000215.0415 NYT20000301.0344 NYT20000302.0313 NYT20000324.0322 NYT20000324.0324 NYT20000410.0312 NYT20000410.0313 NYT20000501.0167 NYT20000503.0109 NYT20000525.0341 NYT20000527.0056 NYT20000527.0057 NYT20000619.0121 NYT20000708.0042 NYT20000708.0043 NYT20000904.0295 NYT20000909.0099 NYT20000913.0220 NYT20000919.0272 NYT20000920.0229 XIE19960109.0002 XIE19960208.0313 XIE19960618.0038 XIE19961212.0231 XIE19970216.0084 XIE19970315.0123 XIE19970405.0148 XIE19970817.0042 XIE19970822.0074 XIE19971004.0082 XIE19971004.0092 XIE19980403.0335 XIE19980416.0222 XIE19980705.0013 XIE19981020.0161 XIE19981027.0262 XIE19990311.0057 XIE19990320.0060 XIE19990412.0003 XIE19990420.0258 XIE19990425.0054 XIE19990508.0111 XIE19990508.0149 XIE19990508.0216 XIE19990509.0099 XIE19990509.0153 XIE19990509.0188 XIE19990509.0247 XIE19990510.0005 XIE19990510.0062 XIE19990510.0066 XIE19990510.0069 XIE19990510.0112 XIE19990510.0210 XIE19990510.0238 XIE19990511.0181 XIE19990511.0229 XIE19990511.0290 XIE19990511.0321 XIE19990511.0332 XIE19990511.0357 XIE19990512.0086 XIE19990512.0197 XIE19990512.0273 XIE19990513.0206 XIE19990513.0237 XIE19990513.0286 XIE19990514.0180 XIE19990515.0236 XIE19990516.0039 XIE19990518.0075 XIE19990518.0105 XIE19990519.0276 XIE19990520.0208 XIE19990525.0072 XIE19990526.0079 XIE19990527.0126 XIE19990810.0167 XIE19990818.0063 XIE19990818.0326 XIE19990819.0117 XIE19990910.0078 XIE19990922.0220 XIE19991022.0269 XIE19991112.0343 XIE19991117.0188 XIE19991223.0256 XIE20000221.0116 XIE20000503.0091 XIE20000508.0268 XIE20000516.0127 XIE20000522.0186 XIE20000524.0356 XIE20000529.0101 XIE20000629.0125 XIE20000629.0151 XIE20000702.0048 XIE20000702.0059 XIE20000705.0027 XIE20000708.0057 XIE20000709.0007 XIE20000710.0113 XIE20000711.0016 XIE20000713.0010 XIE20000714.0203 XIE20000717.0136 XIE20000717.0166 XIE20000718.0103 XIE20000718.0141 XIE20000728.0057 XIE20000729.0083 XIE20000730.0129 XIE20000807.0133 XIE20000814.0251 XIE20000814.0252 XIE20000819.0024 XIE20000819.0048 XIE20000819.0072 XIE20000820.0123 XIE20000826.0025 XIE20000826.0083 XIE20000826.0308 XIE20000826.0366 XIE20000827.0060 XIE20000827.0063 XIE20000827.0064 XIE20000827.0327 XIE20000827.0330 XIE20000827.0331 XIE20000909.0062 XIE20000909.0063 XIE20000909.0090 XIE20000909.0113 XIE20000910.0099 XIE20000912.0077 XIE20000914.0373 XIE20000915.0254 XIE20000917.0047 XIE20000917.0079 XIE20000917.0155 XIE20000920.0049 XIE20000920.0253 XIE20000920.0330
362,APW19980704.0341 APW19980731.0760 APW19980820.0270 APW19980824.0166 APW19981027.0898 APW19981028.0245 APW19981129.0256 APW19981205.0446 APW19990403.0015 APW19990525.0185 APW19990604.0030 APW19990701.0081 APW19990802.0205 APW19990902.0285 APW19990903.0208 APW20000104.0247 APW20000105.0042 APW20000111.0386 APW20000129.0058 APW20000212.0110 APW20000212.0112 APW20000212.0123 APW20000308.0229 APW20000621.0028 APW20000703.0051 APW20000707.0006 APW20000908.0055 NYT19980601.0564 NYT19980611.0438 NYT19980614.0196 NYT19980818.0473 NYT19980819.0536 NYT19981120.0297 NYT19981120.0352 NYT19981120.0435 NYT19981120.0516 NYT19981122.0198 NYT19981210.0269 NYT19981210.0474 NYT19981210.0565 NYT19981219.0219 NYT19981223.0428 NYT19981228.0417 NYT19990131.0227 NYT19990204.0195 NYT19990313.0147 NYT19990313.0155 NYT19990313.0208 NYT19990316.0058 NYT19990420.0441 NYT19990811.0338 NYT19990813.0344 NYT19990814.0207 NYT19990819.0272 NYT19990830.0390 NYT19990903.0003 NYT19990903.0006 NYT19990910.0410 NYT19990911.0004 NYT19990911.0007 NYT19990921.0437 NYT19990922.0390 NYT20000103.0368 NYT20000111.0293 NYT20000111.0353 NYT20000111.0385 NYT20000111.0414 NYT20000111.0417 NYT20000209.0397 NYT20000214.0329 NYT20000222.0323 NYT20000226.0072 NYT20000401.0101 NYT20000622.0326 NYT20000623.0121 NYT20000623.0130 NYT20000624.0119 NYT20000701.0077 NYT20000703.0016 NYT20000703.0227 NYT20000717.0216 NYT20000809.0051 NYT20000920.0392 NYT20000923.0063 NYT20000923.0065 XIE19960812.0173 XIE19971126.0122 XIE19980105.0156 XIE19990312.0299 XIE19991203.0201 XIE20000120.0319 XIE20000622.0079 XIE20000630.0094 XIE20000705.0145
363,APW19980909.0521 APW19981028.0901 APW19981110.0109 APW19981110.0279 APW19990128.0167 APW19990129.0016 APW19990316.0019 APW19990326.0149 APW19990326.0186 APW19990326.0187 APW19990326.0266 APW19990326.0289 APW19990327.0085 APW19990413.0019 APW19990413.0172 APW19990414.0125 APW19990529.0036 APW19990701.0258 APW19990701.0260 APW19990826.0133 APW19990826.0185 APW19990912.0127 APW20000116.0081 APW20000313.0082 APW20000323.0209 APW20000420.0224 APW20000501.0156 APW20000501.0161 NYT19980608.0479 NYT19980608.0482 NYT19980609.0421 NYT19980610.0456 NYT19980610.0471 NYT19980612.0195 NYT19980613.0004 NYT19980627.0083 NYT19980829.0133 NYT19990326.0289 NYT19990326.0311 NYT19990326.0325 NYT19990701.0317 NYT19990816.0319 NYT19991122.0354 NYT20000830.0310 XIE19960124.0081 XIE19960211.0140 XIE19960211.0147 XIE19960212.0062 XIE19960217.0022 XIE19960907.0083 XIE19961008.0274 XIE19961119.0067 XIE19961119.0138 XIE19961120.0053 XIE19961120.0134 XIE19961122.0017 XIE19961204.0145 XIE19961205.0051 XIE19961211.0303 XIE19970405.0031 XIE19970416.0147 XIE19970417.0052 XIE19970831.0110 XIE19970831.0122 XIE19970831.0129 XIE19970831.0160 XIE19970831.0162 XIE19970903.0134 XIE19970904.0125 XIE19970917.0193 XIE19970919.0081 XIE19971231.0135 XIE19980115.0185 XIE19980115.0190 XIE19980925.0091 XIE19990326.0120 XIE19990326.0133 XIE19990327.0143 XIE19990422.0093 XIE19990730.0013 XIE19990730.0122 XIE19990804.0100 XIE19990910.0018 XIE19990918.0033 XIE19990924.0112 XIE19990927.0107 XIE19991206.0029 XIE19991206.0255 XIE20000113.0260 XIE20000201.0266 XIE20000204.0173 XIE20000307.0043 XIE20000616.0018 XIE20000814.0126
367,APW19980601.1065 APW19980609.0363 APW19980610.1034 APW19980615.0002 APW19980705.0107 APW19980728.0220 APW19980807.0461 APW19980916.0687 APW19981020.0215 APW19981020.0273 APW19981120.0636 APW19981202.0232 APW19981207.1675 APW19981229.0264 APW19981231.0214 APW19981231.0270 APW19991007.0328 APW20000119.0190 APW20000119.0355 APW20000120.0051 APW20000128.0142 APW20000129.0003 APW20000129.0008 APW20000403.0175 APW20000425.0051 APW20000520.0025 APW20000626.0053 NYT19980626.0096 NYT19980810.0063 NYT19980812.0402 NYT20000125.0052 NYT20000125.0053 NYT20000821.0338 NYT20000822.0118 NYT20000906.0053 NYT20000906.0054 NYT20000906.0060 NYT20000906.0104 NYT20000906.0118 NYT20000906.0138 NYT20000906.0150 NYT20000906.0157 NYT20000913.0272 XIE19960218.0099 XIE19960821.0175 XIE19960927.0212 XIE19970106.0054 XIE19970107.0030 XIE19970122.0108 XIE19970715.0206 XIE19970808.0169 XIE19970819.0173 XIE19980121.0021 XIE19980212.0303 XIE19980413.0016 XIE19980413.0192 XIE19980505.0040 XIE19980627.0048 XIE19980720.0120 XIE19980807.0114 XIE19981002.0015 XIE19981018.0019 XIE19990203.0111 XIE19990304.0086 XIE19990307.0133 XIE19990317.0150 XIE19990605.0143 XIE19990626.0118 XIE19990818.0111 XIE19991019.0158 XIE19991124.0236 XIE19991211.0156 XIE19991211.0184 XIE19991222.0145 XIE20000202.0190 XIE20000217.0109 XIE20000424.0068 XIE20000424.0074 XIE20000428.0052 XIE20000506.0150 XIE20000510.0244 XIE20000803.0091 XIE20000821.0076 XIE20000919.0129
372,APW19990617.0021 APW20000318.0028
374,APW19980917.0783 APW19981008.0363 APW19981008.0382 APW19981008.0421 APW19981008.0440 APW19981008.0461 APW19981008.0476 APW19981008.0523 APW19981008.0567 APW19981008.0608 APW19981008.0633 APW19981008.0651 APW19981008.0720 APW19981008.0769 APW19981008.0936 APW19981012.0051 APW19981012.0243 APW19981012.0252 APW19981012.0267 APW19981012.0285 APW19981012.0292 APW19981012.0327 APW19981012.0399 APW19981012.0401 APW19981012.0447 APW19981012.0480 APW19981012.0537 APW19981012.0625 APW19981012.0642 APW19981012.0682 APW19981012.0883 APW19981012.1221 APW19981012.1381 APW19981013.0042 APW19981013.0242 APW19981013.0257 APW19981013.0267 APW19981013.0273 APW19981013.0276 APW19981013.0298 APW19981013.0337 APW19981013.0369 APW19981013.0374 APW19981013.0446 APW19981013.0493 APW19981013.0545 APW19981013.0567 APW19981013.0592 APW19981013.0612 APW19981013.0633 APW19981013.0636 APW19981013.0712 APW19981013.0779 APW19981013.0844 APW19981013.0985 APW19981013.1077 APW19981013.1365 APW19981013.1407 APW19981014.0252 APW19981014.0265 APW19981014.0267 APW19981014.0290 APW19981014.0409 APW19981014.0566 APW19981014.0729 APW19981014.0785 APW19981014.1002 APW19981014.1194 APW19981014.1358 APW19981016.0193 APW19981016.0202 APW19981016.0221 APW19981016.0228 APW19981016.0231 APW19981016.0236 APW19981016.0257 APW19981016.0264 APW19981016.0268 APW19981016.0273 APW19981016.0286 APW19981016.0293 APW19981016.0299 APW19981016.0324 APW19981016.0330 APW19981016.0350 APW19981016.0397 APW19981016.0433 APW19981016.0474 APW19981016.0886 APW19981016.0898 APW19981209.0952 APW19981209.1278 APW19981210.0354 APW19981210.0523 APW19981210.0641 APW19981210.0662 APW19981210.0994 APW19981210.0998 APW19981210.1036 APW19981210.1092 APW19981210.1130 APW19981210.1148 APW19981210.1344 APW19981210.1407 APW19981210.1441 APW19981216.1733 APW19981220.0662 APW19981230.1123 APW19990222.0085 APW19990318.0345 APW19990930.0047 APW19990930.0048 APW19990930.0067 APW19991011.0073 APW19991011.0120 APW19991011.0300 APW19991012.0024 APW19991012.0067 APW19991012.0068 APW19991012.0070 APW19991013.0157 APW19991015.0024 APW20000128.0049 NYT19980629.0287 NYT19980713.0262 NYT19981012.0334 NYT19981012.0389 NYT19981012.0392 NYT19981012.0394 NYT19981013.0262 NYT19981014.0076 NYT19981016.0182 NYT19981016.0203 NYT19981016.0338 NYT19981016.0353 NYT19981017.0007 NYT19981017.0015 NYT19990320.0060 NYT19990320.0233 NYT19991011.0352 NYT19991012.0113 NYT19991016.0041 NYT19991016.0043 NYT19991018.0124 NYT19991018.0126 XIE19961003.0084 XIE19961007.0074 XIE19961008.0137 XIE19961009.0130 XIE19961012.0047 XIE19961211.0231 XIE19971009.0092 XIE19971211.0247 XIE19981008.0089 XIE19981013.0024 XIE19981211.0335 XIE19991012.0077 XIE19991013.0003 XIE19991013.0076 XIE19991014.0186 XIE19991016.0063
383,APW19981124.1461 APW19981207.1614 APW19981207.1619 APW19990113.0261 APW19990114.0228 APW19990115.0142 APW19990124.0013 APW19990124.0031 APW19990125.0139 APW19990217.0052 APW19990219.0212 APW19990310.0149 APW19990319.0244 APW19990327.0066 APW19990329.0167 APW19990414.0204 APW19990414.0267 APW19990415.0251 APW19990419.0146 APW19990419.0170 APW19990514.0267 APW19990527.0211 APW19990601.0134 APW19990601.0217 APW19990802.0178 APW19990802.0194 APW19990827.0024 APW19991008.0263 APW19991010.0053 APW19991010.0096 APW20000111.0274 APW20000209.0002 APW20000222.0345 APW20000225.0035 APW20000307.0001 APW20000315.0285 APW20000329.0026 APW20000413.0076 APW20000523.0020 APW20000706.0070 APW20000802.0047 APW20000909.0074 NYT19980715.0388 NYT19980808.0001 NYT19980909.0222 NYT19980922.0117 NYT19981008.0166 NYT19981009.0514 NYT19981009.0516 NYT19981009.0517 NYT19981111.0228 NYT19981118.0121 NYT19981118.0159 NYT19981118.0162 NYT19981118.0163 NYT19981118.0165 NYT19981118.0168 NYT19981118.0172 NYT19981118.0176 NYT19981118.0179 NYT19981119.0163 NYT19981207.0393 NYT19981231.0110 NYT19990105.0401 NYT19990105.0437 NYT19990110.0110 NYT19990124.0058 NYT19990124.0128 NYT19990124.0184 NYT19990125.0443 NYT19990129.0267 NYT19990206.0092 NYT19990206.0093 NYT19990208.0059 NYT19990208.0060 NYT19990318.0321 NYT19990318.0361 NYT19990323.0117 NYT19990406.0004 NYT19990429.0480 NYT19990513.0263 NYT19990514.0167 NYT19990514.0231 NYT19990518.0203 NYT19990726.0290 NYT19990728.0426 NYT19990816.0198 NYT19990829.0050 NYT19990920.0246 NYT19991003.0422 NYT19991003.0433 NYT19991105.0002 NYT19991108.0285 NYT19991112.0083 NYT19991124.0380 NYT19991124.0382 NYT19991124.0396 NYT19991206.0109 NYT20000117.0046 NYT20000208.0171 NYT20000304.0146 NYT20000319.0172 NYT20000319.0216 NYT20000408.0072 NYT20000408.0074 NYT20000409.0108 NYT20000409.0131 NYT20000410.0038 NYT20000410.0039 NYT20000416.0044 NYT20000416.0052 NYT20000418.0130 NYT20000508.0216 NYT20000508.0217 NYT20000509.0060 NYT20000509.0062 NYT20000509.0064 NYT20000515.0050 NYT20000522.0367 NYT20000527.0077 NYT20000607.0297 NYT20000607.0318 NYT20000612.0293 NYT20000612.0555 NYT20000612.0569 NYT20000628.0200 NYT20000712.0060 NYT20000717.0306 NYT20000717.0310 NYT20000722.0115 NYT20000724.0081 NYT20000809.0368 NYT20000821.0271 NYT20000830.0374 NYT20000925.0105 XIE19971110.0128
389,NYT19981206.0139 NYT19981208.0351 NYT19981208.0427 XIE19960117.0301
393,APW19981123.0827 APW19981123.1110 APW19981123.1239 APW19981123.1358 APW19981123.1439 APW19981124.0105 APW19981127.0097 APW19981202.0539 APW19990223.0134 APW19990224.0152 APW19990311.0148 APW19990311.0149 APW19990322.0194 APW19990322.0195 APW19990323.0131 APW19990323.0134 APW19990323.0186 APW19990323.0188 APW19990323.0197 APW19990324.0027 APW19990325.0075 APW19990325.0119 APW19990325.0180 APW19990325.0189 APW19990325.0215 APW19990325.0216 APW19990325.0281 APW19990325.0282 APW19990326.0163 APW19990326.0251 APW19990326.0253 APW19990327.0111 APW19990328.0113 APW19990329.0197 APW19990413.0179 APW19990413.0207 APW19990413.0209 APW19990413.0284 APW19990413.0286 APW19990414.0085 APW19990414.0087 APW19990414.0165 APW19990414.0166 APW19990415.0093 APW19990415.0187 APW19990416.0083 APW19990512.0134 APW19990616.0139 APW19990820.0020 APW19990926.0015 APW20000103.0025 APW20000414.0253 APW20000711.0018 NYT19980818.0401 NYT19981014.0027 NYT19981017.0032 NYT19981123.0406 NYT19981123.0419 NYT19981125.0368 NYT19981125.0389 NYT19981126.0048 NYT19981126.0070 NYT19981127.0227 NYT19981128.0053 NYT19981201.0254 NYT19981211.0086 NYT19990226.0394 NYT19990319.0330 NYT19990322.0439 NYT19990323.0269 NYT19990324.0441 NYT19990325.0272 NYT19990325.0345 NYT19990326.0371 NYT19990326.0464 NYT19990326.0484 NYT19990327.0020 NYT19990329.0422 NYT19990413.0315 NYT19990414.0489 NYT19990415.0010 NYT19990415.0011 NYT19990817.0332 NYT20000619.0281 XIE19960926.0163 XIE19960927.0264 XIE19961002.0174 XIE19980819.0285
399,APW19980804.0634 APW19981014.1415 APW19981022.0439 APW19981119.0412 APW19981119.0443 APW19981209.1692 APW19990113.0240 APW19990302.0157 APW19990311.0333 APW19990312.0169 APW19990414.0031 APW19990414.0176 APW19990414.0214 APW19990501.0090 APW19990513.0150 APW19990623.0140 APW19990717.0065 APW19990717.0081 APW19990718.0025 APW19990728.0145 APW19990907.0037 APW19990907.0152 APW19990909.0051 APW19990909.0157 APW19990910.0060 APW19991027.0035 APW20000312.0044 APW20000520.0025 APW20000622.0062 APW20000702.0114 APW20000703.0104 APW20000703.0106 APW20000814.0058 APW20000814.0111 APW20000814.0166 APW20000815.0031 APW20000828.0017 APW20000930.0130 NYT19980609.0351 NYT19980612.0069 NYT19980617.0097 NYT19980617.0098 NYT19980622.0133 NYT19980719.0153 NYT19980724.0024 NYT19980724.0146 NYT19980727.0206 NYT19980806.0263 NYT19980831.0197 NYT19981001.0053 NYT19981011.0153 NYT19990111.0161 NYT19990129.0510 NYT19990201.0154 NYT19990202.0092 NYT19990427.0130 NYT19990427.0131 NYT19990427.0134 NYT19990427.0135 NYT19990429.0059 NYT19990429.0060 NYT19990429.0063 NYT19990429.0064 NYT19990516.0124 NYT19990516.0126 NYT19990521.0219 NYT19990609.0363 NYT19990617.0156 NYT19990617.0158 NYT19990717.0248 NYT19990717.0270 NYT19990718.0210 NYT19990718.0261 NYT19990720.0361 NYT19990720.0367 NYT19990720.0379 NYT19990720.0433 NYT19990721.0003 NYT19990721.0160 NYT19990721.0480 NYT19990823.0248 NYT19991101.0392 NYT19991101.0396 NYT19991103.0466 NYT19991103.0489 NYT19991104.0011 NYT19991104.0414 NYT19991116.0316 NYT19991118.0157 NYT19991227.0135 NYT20000202.0186 NYT20000202.0187 NYT20000202.0188 NYT20000203.0460 NYT20000321.0095 NYT20000601.0019 NYT20000629.0219 NYT20000630.0307 NYT20000630.0314 NYT20000710.0213 NYT20000713.0321 NYT20000730.0154 NYT20000803.0317 NYT20000814.0487 NYT20000815.0029 NYT20000815.0400 NYT20000817.0195 NYT20000817.0327 NYT20000817.0442 NYT20000818.0262 NYT20000818.0337 NYT20000828.0265 NYT20000912.0118 XIE19960118.0267 XIE19960205.0082 XIE19960418.0095 XIE19960422.0077 XIE19960425.0190 XIE19960521.0053 XIE19960529.0201 XIE19960602.0055 XIE19960708.0059 XIE19960813.0076 XIE19960918.0210 XIE19960925.0241 XIE19960928.0065 XIE19961117.0034 XIE19961117.0035 XIE19961117.0070 XIE19961117.0071 XIE19961118.0106 XIE19970115.0099 XIE19970212.0130 XIE19970330.0155 XIE19970330.0165 XIE19970506.0106 XIE19970520.0143 XIE19970522.0094 XIE19970522.0096 XIE19970612.0204 XIE19970804.0188 XIE19970904.0319 XIE19971106.0199 XIE19971112.0134 XIE19971122.0120 XIE19971216.0229 XIE19980218.0119 XIE19980302.0119 XIE19980424.0025 XIE19980528.0247 XIE19980528.0248 XIE19980528.0250 XIE19980528.0252 XIE19980528.0258 XIE19980528.0313 XIE19980619.0195 XIE19980811.0290 XIE19981116.0212 XIE19981202.0087 XIE19990224.0300 XIE19990630.0173 XIE19990707.0154 XIE19990708.0238 XIE19990713.0256 XIE19990715.0154 XIE19990719.0157 XIE19990719.0180 XIE19990720.0183 XIE19990722.0299 XIE19990724.0087 XIE19990726.0061 XIE19990727.0096 XIE19990728.0144 XIE19990730.0262 XIE19990731.0103 XIE19990802.0204 XIE19990813.0220 XIE19990825.0183 XIE19990830.0078 XIE19991019.0258 XIE19991123.0307 XIE20000501.0133
401,APW19980621.0164 APW19980624.0899 APW19980626.0711 APW19980709.0265 APW19980709.0900 APW19980728.0341 APW19980729.0557 APW19980813.0395 APW19980915.0537 APW19980924.1459 APW19981014.0496 APW19981014.0989 APW19981014.1076 APW19981015.0011 APW19981015.0012 APW19981015.0029 APW19981015.0138 APW19981015.1071 APW19981016.0036 APW19981020.0239 APW19981106.0524 APW19981106.0668 APW19981111.0488 APW19981113.0281 APW19981113.0423 APW19981115.0352 APW19981115.0429 APW19981115.0671 APW19981128.0341 APW19990316.0153 APW20000101.0146 APW20000311.0090 APW20000512.0190 APW20000728.0125 APW20000729.0102 APW20000822.0213 APW20000830.0096 APW20000903.0029 NYT19981007.0113 NYT19981209.0178 NYT19990223.0221 NYT19990227.0115 NYT19990507.0356 NYT19990521.0195 NYT19990703.0087 NYT20000728.0256 NYT20000817.0167 NYT20000817.0168 NYT20000818.0100 NYT20000818.0101 NYT20000820.0079 NYT20000822.0195 NYT20000825.0333 NYT20000826.0032 NYT20000826.0033 NYT20000830.0224 XIE19960120.0129 XIE19970305.0038 XIE19970404.0039 XIE19970422.0300 XIE19971030.0155 XIE19971031.0296 XIE19971111.0260 XIE19980523.0013 XIE19981015.0063 XIE19990109.0005 XIE19990114.0021 XIE19990317.0006 XIE19990317.0291 XIE20000103.0194
404,APW19981210.1042 APW19981210.1130 APW19981210.1148 APW19990316.0155 APW19990331.0143 APW19990506.0249 APW19990506.0250 APW19990702.0130 APW20000110.0294 APW20000206.0115 APW20000211.0300 APW20000215.0222 APW20000506.0071 NYT19980803.0130 NYT19980815.0110 NYT19980815.0132 NYT19980815.0177 NYT19980815.0213 NYT19980815.0222 NYT19980816.0137 NYT19980818.0382 NYT19981025.0111 NYT19981102.0365 NYT19981102.0366 NYT19990331.0338 NYT19990331.0381 NYT19990401.0018 NYT19991001.0213 NYT20000824.0142 XIE19960220.0152 XIE19960222.0038 XIE19960617.0041 XIE19960709.0051 XIE19970107.0016 XIE19970409.0010 XIE19970410.0059 XIE19970411.0006 XIE19970510.0142 XIE19970601.0036 XIE19970616.0077 XIE19970617.0044 XIE19970707.0202 XIE19970715.0012 XIE19970719.0015 XIE19970722.0004 XIE19970726.0010 XIE19970729.0014 XIE19970729.0124 XIE19970805.0009 XIE19970806.0089 XIE19970827.0277 XIE19970830.0048 XIE19970910.0039 XIE19970915.0122 XIE19970927.0207 XIE19971030.0102 XIE19971107.0079 XIE19971128.0139 XIE19971211.0088 XIE19980103.0013 XIE19980106.0003 XIE19980107.0017 XIE19980109.0018 XIE19980109.0104 XIE19980111.0070 XIE19980113.0040 XIE19980126.0007 XIE19980127.0036 XIE19980128.0185 XIE19980206.0057 XIE19980212.0032 XIE19980212.0056 XIE19980213.0031 XIE19980213.0110 XIE19980214.0020 XIE19980217.0005 XIE19980218.0077 XIE19980219.0357 XIE19980221.0210 XIE19980221.0223 XIE19980226.0039 XIE19980227.0285 XIE19980228.0193 XIE19980302.0006 XIE19980310.0031 XIE19980311.0336 XIE19980311.0355 XIE19980312.0141 XIE19980324.0001 XIE19980328.0058
408,APW19980610.0079 APW19980610.0150 APW19980610.0511 APW19980611.0031 APW19980611.0061 APW19980615.0256 APW19980618.0048 APW19980921.1265 APW19980922.0024 APW19980922.0402 APW19980922.0709 APW19980922.0712 APW19980922.0906 APW19980922.0999 APW19980922.1037 APW19980922.1091 APW19980922.1274 APW19980923.0003 APW19980923.1250 APW19980923.1267 APW19980923.1349 APW19980924.0013 APW19980924.0108 APW19980924.0324 APW19980925.0693 APW19980925.0905 APW19980928.0091 APW19981014.0260 APW19981015.0027 APW19981015.1038 APW19981015.1044 APW19981015.1062 APW19981016.0405 APW19981017.0909 APW19981018.0029 APW19981018.0298 APW19981019.0092 APW19981022.0003 APW19981025.0922 APW19981025.1046 APW19981026.0054 APW19981027.0177 APW19981103.1267 APW19981103.1412 APW19981105.0484 APW19981116.0022 APW19990218.0048 APW19990219.0247 APW19990401.0256 APW19990822.0061 APW19990822.0062 APW19990914.0039 APW19990914.0042 APW19990914.0190 APW19990914.0191 APW19990915.0141 APW19990916.0053 APW19990916.0156 APW19990916.0161 APW19990920.0071 APW19990924.0040 APW19991029.0141 APW20000529.0082 APW20000707.0188 APW20000707.0227 APW20000708.0121 NYT19980601.0292 NYT19980826.0483 NYT19980826.0569 NYT19980827.0051 NYT19980903.0417 NYT19980908.0086 NYT19980910.0398 NYT19980911.0467 NYT19980916.0326 NYT19980921.0288 NYT19980922.0214 NYT19980922.0351 NYT19980924.0022 NYT19980926.0185 NYT19980927.0193 NYT19980927.0216 NYT19980929.0351 NYT19981230.0111 NYT19981230.0165 NYT19990402.0384 NYT19990408.0413 NYT19990822.0237 NYT19990916.0468 NYT19991117.0439 XIE19960907.0032 XIE19960921.0068 XIE19961122.0214 XIE19961231.0195 XIE19970422.0256 XIE19970813.0201 XIE19971103.0180 XIE19971105.0123 XIE19971107.0256 XIE19971108.0128 XIE19980313.0253 XIE19980313.0264 XIE19980811.0229 XIE19980829.0147 XIE19980904.0063 XIE19980926.0008 XIE19981118.0176 XIE19981123.0250 XIE19981130.0141 XIE19981207.0060 XIE19981209.0269 XIE19990916.0068 XIE19990916.0120 XIE19990917.0288 XIE19990917.0333 XIE20000221.0009 XIE20000222.0020 XIE20000224.0238 XIE20000307.0043 XIE20000710.0166 XIE20000808.0019 XIE20000824.0127 XIE20000904.0085 XIE20000905.0144 XIE20000905.0152 XIE20000911.0264
409,APW19980827.1095 APW19981125.0479 APW19981125.0946 APW19981125.1100 APW19981218.1184 APW19981221.0785 APW19990405.0147 APW19990405.0164 APW19990414.0331 APW19990607.0105 APW19990819.0112 APW20000418.0079 APW20000429.0058 APW20000502.0046 APW20000502.0064 APW20000502.0109 APW20000503.0031 APW20000504.0018 APW20000504.0057 APW20000505.0050 APW20000505.0170 APW20000523.0085 APW20000607.0110 APW20000608.0094 APW20000616.0149 APW20000712.0097 APW20000714.0109 APW20000718.0056 APW20000719.0012 APW20000719.0034 APW20000727.0048 APW20000730.0061 APW20000822.0018 APW20000822.0052 APW20000822.0151 APW20000829.0134 APW20000926.0112 NYT19980824.0433 NYT19990405.0494 NYT19990823.0175 NYT19990823.0370 NYT19991124.0211 NYT20000503.0301 NYT20000505.0256 NYT20000506.0022 NYT20000926.0111 NYT20000926.0145 NYT20000926.0167 NYT20000926.0391 XIE19980918.0081 XIE19990405.0131 XIE19990405.0148 XIE19991030.0009 XIE19991119.0164 XIE20000202.0054 XIE20000427.0041 XIE20000501.0038 XIE20000502.0066 XIE20000503.0182 XIE20000504.0105 XIE20000505.0090 XIE20000508.0042 XIE20000509.0051 XIE20000510.0040 XIE20000519.0007 XIE20000530.0321 XIE20000531.0034 XIE20000608.0341 XIE20000620.0040 XIE20000711.0057 XIE20000714.0032 XIE20000717.0011 XIE20000718.0028 XIE20000719.0013 XIE20000727.0010 XIE20000822.0048 XIE20000822.0163 XIE20000926.0020
416,NYT19980603.0152 NYT19980603.0153 NYT19980603.0157 NYT19980603.0158 NYT19980604.0069 NYT19980604.0073 NYT19980604.0074 XIE19960108.0144 XIE19960407.0113 XIE19960623.0121 XIE19970302.0127 XIE19970819.0246 XIE19971105.0210 XIE19971105.0230 XIE19980510.0162 XIE19991001.0174 XIE19991021.0150 XIE20000119.0265
419,APW19990416.0171 APW20000528.0029 NYT19981109.0178 NYT19990722.0228 NYT20000805.0152 NYT20000819.0044 NYT20000821.0121 NYT20000821.0122 NYT20000826.0024 NYT20000826.0025 XIE19971008.0296 XIE19980510.0119 XIE19980521.0184
426,APW19980605.1836 APW19980616.0946 APW19980808.0566 APW19980808.0607 APW19980808.0654 APW19980810.0520 APW19980810.0600 APW19980813.0095 APW19980816.0466 APW19981015.0442 APW19981020.0127 APW19990116.0008 APW19990125.0311 APW19990309.0003 APW19990407.0105 APW19990423.0051 APW19990423.0083 APW19990427.0241 APW19990512.0059 APW19990519.0083 APW19990628.0232 APW19990629.0069 APW19990629.0081 APW19990629.0214 APW19990630.0213 APW19990630.0358 APW19990712.0270 APW19990922.0167 APW20000101.0032 APW20000101.0059 APW20000101.0116 APW20000101.0165 APW20000101.0182 APW20000129.0106 APW20000129.0139 APW20000129.0157 APW20000222.0090 APW20000515.0040 APW20000515.0222 APW20000525.0016 APW20000605.0111 APW20000613.0148 APW20000707.0103 APW20000811.0030 APW20000823.0139 APW20000824.0087 APW20000825.0033 APW20000925.0024 NYT19980619.0387 NYT19980622.0299 NYT19980719.0097 NYT19980723.0405 NYT19980723.0414 NYT19980729.0148 NYT19980822.0056 NYT19980824.0085 NYT19980829.0182 NYT19980902.0478 NYT19980904.0470 NYT19981124.0189 NYT19981129.0136 NYT19981129.0150 NYT19981130.0454 NYT19981202.0410 NYT19981203.0569 NYT19981207.0465 NYT19990103.0096 NYT19990104.0526 NYT19990113.0251 NYT19990113.0253 NYT19990203.0036 NYT19990312.0281 NYT19990421.0108 NYT19990421.0114 NYT19990421.0369 NYT19990504.0381 NYT19990505.0389 NYT19990506.0473 NYT19990510.0521 NYT19990521.0224 NYT19990526.0018 NYT19990612.0107 NYT19990625.0147 NYT19990629.0245 NYT19990629.0313 NYT19990816.0261 NYT19990816.0262 NYT19990816.0284 NYT19990816.0457 NYT19990816.0459 NYT19990922.0322 NYT19991018.0344 NYT19991021.0289 NYT19991021.0292 NYT19991025.0423 NYT19991206.0052 NYT19991221.0296 NYT19991222.0288 NYT19991222.0368 NYT19991223.0285 NYT19991225.0107 NYT19991230.0200 NYT19991230.0205 NYT20000115.0228 NYT20000115.0229 NYT20000115.0230 NYT20000115.0231 NYT20000115.0234 NYT20000115.0235 NYT20000115.0236 NYT20000117.0367 NYT20000117.0379 NYT20000117.0380 NYT20000118.0280 NYT20000203.0107 NYT20000210.0254 NYT20000222.0232 NYT20000227.0143 NYT20000228.0411 NYT20000302.0140 NYT20000303.0011 NYT20000321.0008 NYT20000321.0024 NYT20000321.0080 NYT20000330.0142 NYT20000520.0141 NYT20000520.0142 NYT20000525.0313 NYT20000525.0335 NYT20000701.0013 NYT20000704.0038 NYT20000704.0142 NYT20000809.0268 NYT20000809.0338 NYT20000824.0103 NYT20000824.0104 NYT20000824.0105 NYT20000824.0108 NYT20000928.0397 XIE19960107.0220 XIE19960508.0245 XIE19960628.0227 XIE19960704.0237 XIE19960706.0181 XIE19961213.0150 XIE19970123.0222 XIE19970317.0154 XIE19970322.0006 XIE19970325.0212 XIE19970606.0154 XIE19970918.0145 XIE19970929.0127 XIE19980619.0039 XIE19980623.0317 XIE19980822.0168 XIE19980907.0210 XIE19980930.0127 XIE19981022.0114 XIE19990115.0262 XIE19990309.0161 XIE19990319.0322 XIE19990629.0068 XIE19990704.0111 XIE19990805.0352 XIE19990818.0302 XIE19990828.0158 XIE19991021.0015 XIE19991121.0080 XIE19991212.0154 XIE20000410.0108 XIE20000416.0105 XIE20000624.0046 XIE20000719.0112 XIE20000809.0045 XIE20000809.0131 XIE20000812.0057
427,APW19980831.0030 APW19980831.0073 APW19980929.0096 APW19990211.0160 NYT19980617.0277 NYT19980622.0081 NYT19980624.0258 NYT19980629.0248 NYT19980701.0250 NYT19980708.0270 NYT19980715.0236 NYT19980720.0160 NYT19980722.0144 NYT20000412.0272 NYT20000412.0273 XIE19960130.0230 XIE19970422.0237 XIE19971118.0171
433,NYT19981020.0060 NYT19981020.0061 NYT19981020.0251 NYT19981027.0223 NYT19981027.0375 NYT19981104.0238 NYT19981109.0088 NYT19981110.0177 NYT19981110.0299 NYT19981116.0165 NYT19990101.0073 NYT19990106.0301 NYT20000602.0356 NYT20000626.0125 NYT20000626.0140 NYT20000626.0141
435,APW19980602.0136 NYT19990128.0167 NYT19990129.0073 XIE19960226.0232 XIE19960311.0063 XIE19960407.0091 XIE19960523.0099 XIE19960525.0004 XIE19960603.0054 XIE19960807.0127 XIE19970204.0117 XIE19970212.0182 XIE19970421.0100 XIE19970529.0197 XIE19970711.0145 XIE19971226.0073 XIE19980217.0089 XIE19980305.0024 XIE19980311.0044 XIE19980316.0066 XIE19980316.0250 XIE19980711.0127 XIE19980713.0098 XIE19980723.0251 XIE19980916.0271 XIE19980924.0109 XIE19990202.0329 XIE19990215.0117 XIE19990406.0028 XIE19990528.0207 XIE19990624.0179 XIE19990914.0279 XIE19990914.0280 XIE19990919.0157 XIE19990923.0013 XIE19991011.0086 XIE19991011.0087 XIE19991011.0092 XIE19991012.0007 XIE19991012.0101 XIE19991012.0158 XIE19991012.0255 XIE19991027.0269 XIE20000113.0169 XIE20000216.0030 XIE20000418.0160 XIE20000511.0156 XIE20000511.0171 XIE20000620.0116 XIE20000622.0279 XIE20000712.0001 XIE20000712.0159 XIE20000719.0182 XIE20000925.0107
436,APW19980603.0620 APW19980603.0770 APW19980603.0822 APW19980603.0887 APW19980603.0913 APW19980605.0696 APW19980605.1405 APW19980605.1618 APW19980608.0674 APW19980608.1630 APW19980611.0401 APW19980613.0242 APW19980617.0367 APW19980623.0221 APW19980707.0069 APW19980712.0471 APW19981019.0433 APW19981019.0456 APW19981019.0474 APW19981019.0482 APW19981019.0483 APW19981110.1125 APW20000331.0019 APW20000331.0103 APW20000331.0121 NYT19980618.0380 NYT19980918.0538 NYT19981012.0356 NYT19981012.0383 NYT19981012.0396 NYT19990316.0311 NYT19990316.0426 NYT19990317.0037 NYT19990525.0452 NYT19990708.0369 NYT19991003.1068 NYT19991003.1097 NYT19991006.0284 NYT19991008.0138 NYT19991008.0222 NYT19991029.0008 NYT20000328.0382 XIE19960227.0234 XIE19960411.0065 XIE19960609.0110 XIE19960609.0172 XIE19960610.0004 XIE19960730.0068 XIE19960913.0051 XIE19961005.0017 XIE19970517.0168 XIE19970717.0189 XIE19971225.0047 XIE19971225.0066 XIE19980618.0335 XIE19981019.0021 XIE19981019.0138 XIE19981020.0017 XIE19981020.0039 XIE19981128.0053 XIE19990102.0093 XIE19990411.0007 XIE19990422.0185 XIE19990422.0230 XIE19990423.0197 XIE19990802.0027 XIE19990816.0028 XIE19990819.0063 XIE19991008.0100 XIE19991124.0174 XIE19991128.0099 XIE19991207.0246 XIE20000426.0034 XIE20000613.0106 XIE20000912.0036
439,APW19990211.0152 APW19990422.0246 NYT19980619.0178 NYT19980619.0179 NYT19980621.0048 NYT19980726.0063 NYT19980928.0223 NYT19981026.0262 NYT19981207.0220 NYT19990102.0204 NYT19990211.0327 NYT19990319.0178 NYT19990517.0104 NYT19990519.0067 NYT19990530.0070 NYT19990822.0119 NYT19990830.0237 NYT19990905.0205 NYT19990922.0329 NYT19991017.0192 NYT19991017.0195 NYT19991129.0332 NYT19991212.0068 NYT19991219.0132 NYT19991220.0296 NYT20000130.0076 NYT20000220.0066 NYT20000328.0106 NYT20000329.0336 NYT20000329.0357 NYT20000405.0456 NYT20000513.0075 NYT20000513.0076 NYT20000515.0080 NYT20000515.0081 NYT20000611.0064 NYT20000626.0226 NYT20000626.0247 NYT20000626.0301 NYT20000720.0411 NYT20000721.0306 NYT20000828.0228 XIE19960112.0075 XIE19960612.0230 XIE19960622.0116 XIE19960703.0311 XIE19961014.0146 XIE19961202.0097 XIE19970110.0189 XIE19970205.0141 XIE19970303.0121 XIE19970602.0130 XIE19970918.0042 XIE19971009.0224 XIE19980104.0047 XIE19980403.0017 XIE19980403.0037 XIE19980403.0114 XIE19980403.0124 XIE19980717.0173 XIE19980807.0085 XIE19980930.0249 XIE19981218.0346 XIE19990206.0060 XIE19990209.0194 XIE19990421.0022 XIE19991013.0228 XIE20000118.0190 XIE20000505.0014 XIE20000627.0242 XIE20000804.0069 XIE20000808.0133 XIE20000919.0094
443,APW19980713.0703 APW19990512.0176 APW19990815.0034 NYT19980720.0102 NYT19980918.0427 NYT19990206.0141 NYT19990224.0336 NYT19990902.0235 NYT20000204.0306 NYT20000612.0086 NYT20000612.0090 NYT20000612.1361 NYT20000612.1365 NYT20000722.0094 XIE19960224.0208 XIE19960226.0014 XIE19960308.0106 XIE19961031.0194 XIE19970205.0045 XIE19970415.0170 XIE19970606.0104 XIE19971205.0336 XIE19980202.0080 XIE19980329.0036 XIE19980329.0120 XIE19980411.0001 XIE19980411.0031 XIE19980609.0361 XIE19980610.0110 XIE19980723.0271 XIE19981011.0077 XIE19981109.0084 XIE19981201.0160 XIE19981202.0298 XIE19981204.0284 XIE19990121.0010 XIE19990203.0021 XIE19990225.0057 XIE19990427.0032 XIE19990427.0366 XIE19990427.0367 XIE19990428.0041 XIE19990428.0059 XIE19990518.0059 XIE19990522.0105 XIE19990705.0095 XIE19990705.0098 XIE19990717.0134 XIE19990924.0042 XIE19990928.0075 XIE19991028.0006 XIE19991028.0056 XIE19991108.0003 XIE19991207.0091 XIE19991214.0005 XIE19991214.0011 XIE19991215.0038 XIE19991215.0310 XIE19991216.0361 XIE19991216.0362 XIE19991216.0374 XIE19991216.0375 XIE20000114.0128 XIE20000207.0131 XIE20000210.0089 XIE20000219.0101 XIE20000516.0099 XIE20000708.0078 XIE20000919.0290
448,APW19980811.0162 APW19980913.0839 APW19980918.1389 APW19980918.1393 APW19980918.1446 APW19980918.1480 APW19980918.1522 APW19980919.0046 APW19980919.0089 APW19980919.0161 APW19980919.0291 APW19980919.0362 APW19980919.0894 APW19980920.0019 APW19980920.0080 APW19980920.0217 APW19980920.0325 APW19980921.0069 APW19980921.0152 APW19980921.0539 APW19980923.0178 APW19980923.0476 APW19980925.0190 APW19981002.0519 APW19990927.0102 APW20000503.0121 APW20000617.0055 APW20000630.0029 APW20000916.0066 APW20000924.0040 NYT19981113.0421 NYT19981124.0068 NYT19981229.0372 NYT19981229.0400 NYT19990315.0320 NYT19990408.0423 NYT20000702.0121 XIE19960107.0330 XIE19960616.0138 XIE19960723.0157 XIE19961117.0016 XIE19970104.0095 XIE19970818.0093 XIE19970819.0221 XIE19970926.0204 XIE19971217.0339 XIE19980919.0069 XIE19991215.0053 XIE20000114.0108 XIE20000630.0151 XIE20000701.0171 XIE20000702.0095 XIE20000714.0184 XIE20000927.0070 XIE20000927.0224 XIE20000927.0407
622,APW19980623.1210 APW19980706.0104 APW19980723.1033 APW19980804.0338 APW19981014.0653 APW19981022.0155 APW19990119.0087 APW19990120.0036 APW19990120.0205 APW19990129.0057 APW19990302.0003 APW19990302.0029 APW19990330.0254 APW19990427.0066 APW19990504.0055 APW19990504.0236 APW19990520.0038 APW19990520.0236 APW19990520.0250 APW19990520.0285 APW19990520.0305 APW19990520.0336 APW19990525.0072 APW19990525.0128 APW19990526.0191 APW19990604.0119 APW19990615.0128 APW19990615.0235 APW19990615.0299 APW19990709.0053 APW19990709.0120 APW19990709.0167 APW19990709.0232 APW19990709.0269 APW19990709.0279 APW19990713.0137 APW19990714.0261 APW19990811.0203 APW19990819.0111 APW19990819.0159 APW19990901.0090 APW19990902.0044 APW19990907.0166 APW19990909.0147 APW19990914.0001 APW19990921.0195 APW19990924.0005 APW19990930.0064 APW19990930.0333 APW19991005.0175 APW19991006.0002 APW19991027.0282 APW20000113.0197 APW20000119.0264 APW20000119.0311 APW20000208.0151 APW20000208.0186 APW20000217.0070 APW20000306.0085 APW20000306.0217 APW20000403.0073 APW20000505.0234 APW20000919.0172 APW20000919.0278 NYT19980709.0461 NYT19980714.0114 NYT19980714.0119 NYT19980714.0262 NYT19980714.0263 NYT19980714.0342 NYT19980715.0474 NYT19980716.0452 NYT19980803.0331 NYT19980803.0333 NYT19980803.0415 NYT19980805.0416 NYT19980807.0253 NYT19980812.0436 NYT19980818.0289 NYT19980917.0387 NYT19980918.0003 NYT19981126.0140 NYT19981201.0438 NYT19981204.0430 NYT19981204.0434 NYT19981221.0408 NYT19990112.0307 NYT19990112.0434 NYT19990118.0412 NYT19990125.0453 NYT19990218.0399 NYT19990225.0424 NYT19990226.0071 NYT19990326.0471 NYT19990415.0008 NYT19990430.0365 NYT19990511.0224 NYT19990511.0397 NYT19990519.0383 NYT19990519.0418 NYT19990519.0427 NYT19990520.0391 NYT19990520.0507 NYT19990521.0002 NYT19990521.0040 NYT19990521.0236 NYT19990609.0405 NYT19990616.0459 NYT19990616.0497 NYT19990616.0555 NYT19990709.0254 NYT19990709.0330 NYT19990806.0039 NYT19990907.0389 NYT19990909.0409 NYT19990910.0039 NYT19991008.0331 NYT19991103.0424 NYT19991219.0098 NYT20000220.0085 NYT20000306.0409 NYT20000412.0435 NYT20000505.0397 NYT20000510.0260 NYT20000530.0252 NYT20000602.0005 NYT20000721.0208 XIE19960828.0294 XIE19970218.0210 XIE19990521.0203 XIE19990908.0017 XIE19990923.0288 XIE20000208.0009
625,APW19980626.1536 APW19980627.0078 APW19980627.0087 APW19990119.0226 APW19990225.0090 APW19990622.0231 APW19991014.0250 NYT19980626.0435 NYT19980704.0082 NYT19980807.0351 NYT19981013.0402 NYT19990129.0460 NYT19990217.0518 NYT19990310.0341 XIE19970805.0015 XIE19980627.0223 XIE19980628.0161
638,APW19990110.0041 APW19990111.0200 APW19990205.0037 APW19990205.0038 APW19990205.0100 APW19990205.0183 APW19990205.0288 APW19990206.0016 APW19990206.0100 APW19990207.0090 APW19990208.0145 APW19990209.0370 APW19990217.0196 APW19990219.0114 APW19990219.0188 APW19990305.0036 APW19990305.0165 APW19990305.0180 APW19990311.0246 APW19990311.0268 APW19990327.0014 APW19990415.0269 APW19990416.0223 APW19990417.0061 APW19990430.0116 APW19990518.0099 APW19990519.0263 APW19990520.0102 APW19990616.0084 APW19990804.0333 APW19990901.0089 APW20000419.0099 NYT19980621.0043 NYT19981022.0447 NYT19981022.0568 NYT19981029.0471 NYT19981114.0203 NYT19981115.0179 NYT19981127.0011 NYT19981127.0013 NYT19981130.0127 NYT19981130.0129 NYT19990311.0433 NYT19990518.0439 NYT19990519.0307 NYT19990520.0159 NYT19990615.0287 NYT19990622.0320 NYT19990717.0054 NYT19990901.0460 NYT19990902.0040 NYT20000216.0015 NYT20000510.0238 NYT20000810.0387 XIE19970731.0012 XIE19970731.0218
639,APW19990929.0195 NYT19980815.0054 NYT19980820.0341 NYT19980820.0548 NYT19980824.0150 NYT19980824.0154 NYT19981116.0085 NYT19981116.0168 NYT19981118.0067 NYT19981118.0240 NYT19981120.0229 NYT19981125.0094 NYT19990207.0241 NYT19990530.0138 NYT19990714.0164 NYT19990908.0220 NYT19990924.0130 NYT19990924.0138 NYT19990927.0110 NYT19991025.0067 NYT19991104.0170
648,APW19990701.0111 APW19991007.0051 APW19991007.0090 APW19991007.0173 APW19991007.0216 APW19991007.0308 APW20000212.0084 APW20000212.0101 APW20000610.0105 NYT19980818.0123 NYT19990427.0161 NYT19991007.0268 NYT19991007.0409 NYT19991028.0469 NYT19991028.0476 NYT19991107.0071 NYT19991130.0285 NYT19991130.0394 NYT19991201.0003 NYT19991207.0373 NYT20000530.0146 XIE19970202.0189
650,NYT19980619.0472 NYT19990802.0322 NYT19991231.0161 NYT20000127.0359 NYT20000401.0119 NYT20000901.0180 NYT20000919.0334
651,APW19990108.0114 APW19990701.0130 APW19990702.0171 APW19990915.0037 APW19990915.0145 APW19990915.0232 APW20000829.0095 APW20000830.0003 APW20000830.0030 APW20000830.0044 NYT19980804.0111 NYT19980806.0225 NYT19980806.0228 NYT19980819.0112 NYT19980819.0113 NYT19980903.0146 NYT19980905.0019 NYT19990205.0141 NYT19990205.0142 NYT19990205.0143 NYT19990223.0115 NYT19990227.0250 NYT19990902.0066 NYT19990915.0017 NYT20000722.0120 NYT20000829.0288 NYT20000830.0004 NYT20000830.0026 NYT20000831.0018
658,APW19990208.0087 APW19990428.0002 APW19990428.0106 APW19990428.0190 APW19990429.0157 APW19990429.0235 APW19990812.0238 APW20000228.0029 APW20000713.0091 APW20000808.0193 APW20000812.0044 APW20000812.0068 NYT19980623.0354 NYT19980730.0262 NYT19980814.0233 NYT19990126.0484 NYT19990209.0327 NYT19990428.0046 NYT19990428.0100 NYT19990428.0285 NYT19990429.0037 NYT19990526.0191 NYT19990526.0226 NYT19991025.0315 NYT19991025.0437 NYT19991026.0281 NYT19991026.0291 NYT19991214.0303 NYT20000118.0406 NYT20000118.0408 NYT20000806.0063 NYT20000914.0336 XIE19960126.0144 XIE19960222.0139 XIE19960403.0241 XIE19960614.0033 XIE19960614.0099 XIE19970105.0016 XIE19970912.0291 XIE19980626.0300
689,APW19990202.0170 APW20000710.0195 APW20000713.0057 NYT19991115.0385 NYT19991116.0441 NYT19991118.0058 NYT20000108.0165 NYT20000414.0390 NYT20000418.0357 NYT20000713.0353 NYT20000717.0494 NYT20000718.0177 NYT20000920.0237 NYT20000920.0244 XIE19970214.0296 XIE19970226.0236 XIE19970301.0294 XIE19970416.0241 XIE19970715.0145 XIE19970815.0182 XIE19980406.0179 XIE19990203.0314 XIE19990209.0092 XIE19990220.0023 XIE19990721.0073 XIE19990928.0075
